type,name,module,path,hash
"yaml","manifest","_config","_config/manifest.yaml","4f72629b9f38e031e3755b747e58c2eeb995393f239b39b764aa9064b4fcebb9"
"csv","documentation-requirements","ma","ma/1-analysis/maia-document-project/documentation-requirements.csv","d1253b99e88250f2130516b56027ed706e643bfec3d99316727a4c6ec65c6c1d"
"csv","domain-complexity","ma","ma/2-plan-workflows/maia-create-prd/data/domain-complexity.csv","f775f09fb4dc1b9214ca22db4a3994ce53343d976d7f6e5384949835db6d2770"
"csv","domain-complexity","ma","ma/2-plan-workflows/maia-validate-prd/data/domain-complexity.csv","f775f09fb4dc1b9214ca22db4a3994ce53343d976d7f6e5384949835db6d2770"
"csv","domain-complexity","ma","ma/3-solutioning/maia-create-architecture/data/domain-complexity.csv","3dc34ed39f1fc79a51f7b8fc92087edb7cd85c4393a891d220f2e8dd5a101c70"
"csv","module-help","ma","ma/module-help.csv","2e9b3c8492a9e03b6aa81ee93ea63cb9fd94c28b9993d688ad45a2e23955408e"
"csv","project-types","ma","ma/2-plan-workflows/maia-create-prd/data/project-types.csv","7a01d336e940fb7a59ff450064fd1194cdedda316370d939264a0a0adcc0aca3"
"csv","project-types","ma","ma/2-plan-workflows/maia-validate-prd/data/project-types.csv","7a01d336e940fb7a59ff450064fd1194cdedda316370d939264a0a0adcc0aca3"
"csv","project-types","ma","ma/3-solutioning/maia-create-architecture/data/project-types.csv","12343635a2f11343edb1d46906981d6f5e12b9cad2f612e13b09460b5e5106e7"
"json","project-scan-report-schema","ma","ma/1-analysis/maia-document-project/templates/project-scan-report-schema.json","8466965321f1db22f5013869636199f67e0113706283c285a7ffbbf5efeea321"
"md","architecture-decision-template","ma","ma/3-solutioning/maia-create-architecture/architecture-decision-template.md","5d9adf90c28df61031079280fd2e49998ec3b44fb3757c6a202cda353e172e9f"
"md","checklist","ma","ma/1-analysis/maia-document-project/checklist.md","581b0b034c25de17ac3678db2dbafedaeb113de37ddf15a4df6584cf2324a7d7"
"md","checklist","ma","ma/4-implementation/maia-correct-course/checklist.md","3e082b95def90ccb876e3101ce0bbaf797a0f03a9471e1347361897f27977327"
"md","checklist","ma","ma/4-implementation/maia-create-story/checklist.md","b94e28e774c3be0288f04ea163424bece4ddead5cd3f3680d1603ed07383323a"
"md","checklist","ma","ma/4-implementation/maia-dev-story/checklist.md","630b68c6824a8785003a65553c1f335222b17be93b1bd80524c23b38bde1d8af"
"md","checklist","ma","ma/4-implementation/maia-qa-generate-e2e-tests/checklist.md","b58f810aeb1040c2f6758c88aa133afce72f8cc178d3d97ff0fbaa3d943057dc"
"md","checklist","ma","ma/4-implementation/maia-sprint-planning/checklist.md","80b10aedcf88ab1641b8e5f99c9a400c8fd9014f13ca65befc5c83992e367dd7"
"md","compile-epic-context","ma","ma/4-implementation/maia-quick-dev/compile-epic-context.md","5cfda02f252941e415b80c57b4528f46226b3cbf456ad45d78fcb5a7ef4816e2"
"md","deep-dive-instructions","ma","ma/1-analysis/maia-document-project/workflows/deep-dive-instructions.md","a79e24b93a25ab456062916a9dad7b6a16dc43ac0b4b555700d3c3751cff0d25"
"md","deep-dive-template","ma","ma/1-analysis/maia-document-project/templates/deep-dive-template.md","6198aa731d87d6a318b5b8d180fc29b9aa53ff0966e02391c17333818e94ffe9"
"md","deep-dive-workflow","ma","ma/1-analysis/maia-document-project/workflows/deep-dive-workflow.md","a64d98dfa3b771df2853c4fa19a4e9c90d131e409e13b4c6f5e494d6ac715125"
"md","discover-inputs","ma","ma/4-implementation/maia-create-story/discover-inputs.md","dfedba6a8ea05c9a91c6d202c4b29ee3ea793d8ef77575034787ae0fef280507"
"md","epics-template","ma","ma/3-solutioning/maia-create-epics-and-stories/templates/epics-template.md","a804f740155156d89661fa04e7a4264a8f712c4dc227c44fd8ae804a9b0f6b72"
"md","explain-concept","ma","ma/1-analysis/maia-agent-tech-writer/explain-concept.md","6ea82dbe4e41d4bb8880cbaa62d936e40cef18f8c038be73ae6e09c462abafc9"
"md","full-scan-instructions","ma","ma/1-analysis/maia-document-project/workflows/full-scan-instructions.md","2235945df2ae261265187447ce593238e132a026a9b88d3507a1f1d6808a0263"
"md","full-scan-workflow","ma","ma/1-analysis/maia-document-project/workflows/full-scan-workflow.md","3bff88a392c16602bd44730f32483505e73e65e46e82768809c13a0a5f55608b"
"md","generate-trail","ma","ma/4-implementation/maia-checkpoint-preview/generate-trail.md","4a5936d86fbe5a85285b4535097b1e2edda8849da35586f4b588a982d7224459"
"md","index-template","ma","ma/1-analysis/maia-document-project/templates/index-template.md","42c8a14f53088e4fda82f26a3fe41dc8a89d4bcb7a9659dd696136378b64ee90"
"md","instructions","ma","ma/1-analysis/maia-document-project/instructions.md","9f4bc3a46559ffd44289b0d61a0f8f26f829783aa1c0e2a09dfa807fa93eb12f"
"md","mermaid-gen","ma","ma/1-analysis/maia-agent-tech-writer/mermaid-gen.md","1d83fcc5fa842bc31ecd9fd7e45fbf013fabcadf0022d3391fff5b53b48e4b5d"
"md","prd-purpose","ma","ma/2-plan-workflows/maia-create-prd/data/prd-purpose.md","49c4641b91504bb14e3887029b70beacaff83a2de200ced4f8cb11c1356ecaee"
"md","prd-purpose","ma","ma/2-plan-workflows/maia-edit-prd/data/prd-purpose.md","49c4641b91504bb14e3887029b70beacaff83a2de200ced4f8cb11c1356ecaee"
"md","prd-purpose","ma","ma/2-plan-workflows/maia-validate-prd/data/prd-purpose.md","49c4641b91504bb14e3887029b70beacaff83a2de200ced4f8cb11c1356ecaee"
"md","prd-template","ma","ma/2-plan-workflows/maia-create-prd/templates/prd-template.md","7ccccab9c06a626b7a228783b0b9b6e4172e9ec0b10d47bbfab56958c898f837"
"md","project-context-template","ma","ma/3-solutioning/maia-generate-project-context/project-context-template.md","54e351394ceceb0ac4b5b8135bb6295cf2c37f739c7fd11bb895ca16d79824a5"
"md","project-overview-template","ma","ma/1-analysis/maia-document-project/templates/project-overview-template.md","a7c7325b75a5a678dca391b9b69b1e3409cfbe6da95e70443ed3ace164e287b2"
"md","readiness-report-template","ma","ma/3-solutioning/maia-check-implementation-readiness/templates/readiness-report-template.md","0da97ab1e38818e642f36dc0ef24d2dae69fc6e0be59924dc2dbf44329738ff6"
"md","SKILL","ma","ma/1-analysis/maia-agent-analyst/SKILL.md","dff8fbd39de875ccc6735204561f2b7b877788843ecd6e8b6001e7ca7f39641e"
"md","SKILL","ma","ma/1-analysis/maia-agent-tech-writer/SKILL.md","d39ffa2a931361e9fea11ef5eb96da0fc6b8dbab70dc200142404a50b78e7665"
"md","SKILL","ma","ma/1-analysis/maia-document-project/SKILL.md","efe25c8c27116faeeef119078953c38e827db787338fdb2dca65c086f42e0c4b"
"md","SKILL","ma","ma/2-plan-workflows/maia-agent-pm/SKILL.md","3a8550daac2df2f01a7c04b66148c1e30b50f81730f043415f2a1aba6314f8a4"
"md","SKILL","ma","ma/2-plan-workflows/maia-agent-ux-designer/SKILL.md","3ac99856f0ee9bae3ba05cefab32e90920b4a1fdf0e8c4bf9c440be31f9e5a1f"
"md","SKILL","ma","ma/2-plan-workflows/maia-create-prd/SKILL.md","ada295172352839ec0c38c833387bf3d188052b054eeb44686b9ec075c4944f2"
"md","SKILL","ma","ma/2-plan-workflows/maia-create-ux-design/SKILL.md","24a4123035194bd3517a059417dcd8114db90f99314ed1a51cfdbbaff02860b2"
"md","SKILL","ma","ma/2-plan-workflows/maia-edit-prd/SKILL.md","b0ae6e77ca10f1869c5d3ff8f3ed4f8fe0b318982dde870cef944f18207e4197"
"md","SKILL","ma","ma/2-plan-workflows/maia-validate-prd/SKILL.md","801127bfb5592608fb8e7d3e5d89f37e7c675ab4710520f87a5db4d8a8240d88"
"md","SKILL","ma","ma/3-solutioning/maia-agent-architect/SKILL.md","1bb79ab9d9ae3180a6142d9d20c2a5cb15ad5d5f28e38a7f847295dd04d2299f"
"md","SKILL","ma","ma/3-solutioning/maia-check-implementation-readiness/SKILL.md","c683db5628781e6dba6fad388ed65cf7561a208e773f72c786918743e379abef"
"md","SKILL","ma","ma/3-solutioning/maia-create-architecture/SKILL.md","b12711f1655cb809bb74a3e11e40943dce225ccba9d01974d5bf521a5867ba23"
"md","SKILL","ma","ma/3-solutioning/maia-create-epics-and-stories/SKILL.md","9db05e4a63ead6e416009fdec250bb9b749b361331964b601559ffeedd2f1c0f"
"md","SKILL","ma","ma/3-solutioning/maia-generate-project-context/SKILL.md","3d8c20e13e62981464365509fc5e1dfd31e70a94e8c08b048a3e3866ea00ff43"
"md","SKILL","ma","ma/4-implementation/maia-agent-dev/SKILL.md","ab47a75e3031bc58a9783e4f8dece8d44dfdacb7ba74cd56f766b260f9993218"
"md","SKILL","ma","ma/4-implementation/maia-checkpoint-preview/SKILL.md","fcdd92af6b97ae64f99a89c37deef0074a974ffa577263e6c79c4b6734c63bda"
"md","SKILL","ma","ma/4-implementation/maia-code-review/SKILL.md","6801f6742156f125185b1eb6e10c58dfde4ff6545b2e6278acf68cbcfbe0abe4"
"md","SKILL","ma","ma/4-implementation/maia-correct-course/SKILL.md","25be5dd528b5c3996e5fa02fc30b72377f688436742c6962f4a1e9a2dac46e55"
"md","SKILL","ma","ma/4-implementation/maia-create-story/SKILL.md","81517ba8ef137a15002d6d21ef18a1e88190c74ac9e0c5b29227e4059870809a"
"md","SKILL","ma","ma/4-implementation/maia-dev-story/SKILL.md","5e7d3bca5051ff8f009bcf608e3fdac3260c2aa6faa8df170a954fe03a4a03f8"
"md","SKILL","ma","ma/4-implementation/maia-qa-generate-e2e-tests/SKILL.md","ad6025f0279ef9fac2f6c76d8f612c37ccc23f8062b7ac0ac40708b49cc7db80"
"md","SKILL","ma","ma/4-implementation/maia-quick-dev/SKILL.md","2b2e57e5327fc69962e6529a0c17498185b571646a9c7360e5c15be14ea7e63b"
"md","SKILL","ma","ma/4-implementation/maia-retrospective/SKILL.md","997308d999545fa6c82b8652a2973e1d89d82cfbf892531e25e491291a95c33e"
"md","SKILL","ma","ma/4-implementation/maia-sprint-planning/SKILL.md","21946cdaef8115deee6ce322c460e8af39368509d700c778cd7109f50a6821eb"
"md","SKILL","ma","ma/4-implementation/maia-sprint-status/SKILL.md","2fe141bc2033ea341a73fb93349fcee0296d8d8714fcf984ab056bc0abae0a19"
"md","source-tree-template","ma","ma/1-analysis/maia-document-project/templates/source-tree-template.md","109bc335ebb22f932b37c24cdc777a351264191825444a4d147c9b82a1e2ad7a"
"md","spec-template","ma","ma/4-implementation/maia-quick-dev/spec-template.md","3ee15d5a63cf5eeee74149c590668fc61d0e44023eac12988a1ca2a9438a9d39"
"md","step-01-clarify-and-route","ma","ma/4-implementation/maia-quick-dev/step-01-clarify-and-route.md","b5eb9f0cecf2a462885b8e7b4c21abbaec1e95c8abbd76bc410d9090fd8379f0"
"md","step-01-discover","ma","ma/3-solutioning/maia-generate-project-context/steps/step-01-discover.md","8b2c8c7375f8a3c28411250675a28c0d0a9174e6c4e67b3d53619888439c4613"
"md","step-01-document-discovery","ma","ma/3-solutioning/maia-check-implementation-readiness/steps/step-01-document-discovery.md","c763b512d55906122433cb65c1bcd5b5b283e45eacdc07281c8ec7596b6b3980"
"md","step-01-gather-context","ma","ma/4-implementation/maia-code-review/steps/step-01-gather-context.md","d0ee7558605e9d48b5b6f15d9b535542eb6d922613f529bb520326eacade4171"
"md","step-01-init","ma","ma/2-plan-workflows/maia-create-prd/steps-c/step-01-init.md","922f59e960569f68bbf0d2c17ecdca74e9d9b92c6a802a5ea888e10774be7738"
"md","step-01-init","ma","ma/2-plan-workflows/maia-create-ux-design/steps/step-01-init.md","0b257533a0ce34d792f621da35325ec11cb883653e3ad546221ee1f0dee5edcd"
"md","step-01-init","ma","ma/3-solutioning/maia-create-architecture/steps/step-01-init.md","5119205b712ebda0cd241c3daad217bb0f6fa9e6cb41d6635aec6b7fe83b838a"
"md","step-01-orientation","ma","ma/4-implementation/maia-checkpoint-preview/step-01-orientation.md","d9e3b949c36d49a025f3535773af2b51888fe4ce616b6d6d69683a122716b1d2"
"md","step-01-validate-prerequisites","ma","ma/3-solutioning/maia-create-epics-and-stories/steps/step-01-validate-prerequisites.md","5c2aabc871363d84fc2e12fd83a3889e9d752b6bd330e31a0067c96204dd4880"
"md","step-01b-continue","ma","ma/2-plan-workflows/maia-create-prd/steps-c/step-01b-continue.md","bdc3677aa220c4822b273d9bc8579669e003cc96d49475ddb3116bdef759cf04"
"md","step-01b-continue","ma","ma/2-plan-workflows/maia-create-ux-design/steps/step-01b-continue.md","4d42c6b83eaa720975bf2206a7eea1a8c73ae922668cc2ef03d34c49ab066c19"
"md","step-01b-continue","ma","ma/3-solutioning/maia-create-architecture/steps/step-01b-continue.md","4bf216008297dcea25f8be693109cf17879c621865b302c994cdd15aa5124e5f"
"md","step-02-context","ma","ma/3-solutioning/maia-create-architecture/steps/step-02-context.md","4381c5128de7d5c02ac806a1263e3965754bd2598954f3188219fbd87567e5c9"
"md","step-02-design-epics","ma","ma/3-solutioning/maia-create-epics-and-stories/steps/step-02-design-epics.md","7c66987808c1f84e853fe54b7aff26d209196d450b5644704110f124a15179bc"
"md","step-02-discovery","ma","ma/2-plan-workflows/maia-create-prd/steps-c/step-02-discovery.md","4ef0a3e62c05bfe90fbeca03d58ada11017098523a563003d574462d65f51e78"
"md","step-02-discovery","ma","ma/2-plan-workflows/maia-create-ux-design/steps/step-02-discovery.md","9ffd5b31cc869b564e4d78cdc70767f0fb1b04db4c40201ccfa9dde75739fa8d"
"md","step-02-generate","ma","ma/3-solutioning/maia-generate-project-context/steps/step-02-generate.md","b1f063edae66a74026b67a79a245cec7ee85438bafcacfc70dcf6006b495e060"
"md","step-02-plan","ma","ma/4-implementation/maia-quick-dev/step-02-plan.md","72f4df415adceaaf554166983559e058c6a019d783d0f87cf42c401db3c5f52c"
"md","step-02-prd-analysis","ma","ma/3-solutioning/maia-check-implementation-readiness/steps/step-02-prd-analysis.md","38be2bf4b924c0b5b395b57d68f685d790ade7b1a6c10993d3c550675f87d954"
"md","step-02-review","ma","ma/4-implementation/maia-code-review/steps/step-02-review.md","1883758e0e91fba439497d04417f03d778f3f6fb12754f49aa8cfa5e15489f70"
"md","step-02-walkthrough","ma","ma/4-implementation/maia-checkpoint-preview/step-02-walkthrough.md","66cf893f8f968ee81034e9ccd8c20415692c3a8c23a9a143c2245fe6c800acdc"
"md","step-02b-vision","ma","ma/2-plan-workflows/maia-create-prd/steps-c/step-02b-vision.md","641fcd72722c34850bf2daf38a4dfc544778999383aa9b33b4e7569de5860721"
"md","step-02c-executive-summary","ma","ma/2-plan-workflows/maia-create-prd/steps-c/step-02c-executive-summary.md","7abf23a4ae7a7e1653cb86d90fdb1698cbe876628de3273b5638cfb05e34b615"
"md","step-03-complete","ma","ma/3-solutioning/maia-generate-project-context/steps/step-03-complete.md","e61463db76a8fa060411aa24127aee936d646b97564e9e2a883494ea50e68464"
"md","step-03-core-experience","ma","ma/2-plan-workflows/maia-create-ux-design/steps/step-03-core-experience.md","1f58c8a2f6872f468629ecb67e94f793af9d10d2804fe3e138eba03c090e00c5"
"md","step-03-create-stories","ma","ma/3-solutioning/maia-create-epics-and-stories/steps/step-03-create-stories.md","c5b787a82e4e49ed9cd9c028321ee1689f32b8cd69d89eea609b37cd3d481afc"
"md","step-03-detail-pass","ma","ma/4-implementation/maia-checkpoint-preview/step-03-detail-pass.md","d48163b9f305f15af57729a8443142e47beb6c3e977554afe12b39ee49cb9fc0"
"md","step-03-epic-coverage-validation","ma","ma/3-solutioning/maia-check-implementation-readiness/steps/step-03-epic-coverage-validation.md","7b187f03a47cba0325fcfd10240410db9c59d93768342fc2dd3de2a01ec23356"
"md","step-03-implement","ma","ma/4-implementation/maia-quick-dev/step-03-implement.md","4d848865eafe5eeba7d83529c766bd410a9cc20a05de1d6a764954c7275b4749"
"md","step-03-starter","ma","ma/3-solutioning/maia-create-architecture/steps/step-03-starter.md","b7727e0f37bc5325e15abad1c54bef716d617df423336090189efd1d307a0b3f"
"md","step-03-success","ma","ma/2-plan-workflows/maia-create-prd/steps-c/step-03-success.md","3959db0848f9a4c99f80ac8d59855f9bb77f833475d3d5512e623d62b52b86dc"
"md","step-03-triage","ma","ma/4-implementation/maia-code-review/steps/step-03-triage.md","91eaa27f6a167702ead00da9e93565c9bff79dce92c02eccbca61b1d1ed39a80"
"md","step-04-decisions","ma","ma/3-solutioning/maia-create-architecture/steps/step-04-decisions.md","7fc0ebb63ab5ad0efc470f1063c15f14f52f5d855da2382fd17576cf060a8763"
"md","step-04-emotional-response","ma","ma/2-plan-workflows/maia-create-ux-design/steps/step-04-emotional-response.md","75724811b170c8897e230a49e968e1db357fef3387008b0906b5ff79a43dbff9"
"md","step-04-final-validation","ma","ma/3-solutioning/maia-create-epics-and-stories/steps/step-04-final-validation.md","6b83fcf177c24c6b43c2eb0df2efc1430cb0f357b3ab20ee8a5c5483c3fee079"
"md","step-04-journeys","ma","ma/2-plan-workflows/maia-create-prd/steps-c/step-04-journeys.md","a9f2b74f06230916f66a1cf42437e4173061a157642c5eaf0d985d4078872526"
"md","step-04-present","ma","ma/4-implementation/maia-code-review/steps/step-04-present.md","eee5687e9d7da9a0aeffd78180b8289fca804fc2d59896db5f65a8dd476e4869"
"md","step-04-review","ma","ma/4-implementation/maia-quick-dev/step-04-review.md","e62a50a37ab20eb426f5abd44179dfac51548707b5e85e6fe7817c144cbe3dae"
"md","step-04-testing","ma","ma/4-implementation/maia-checkpoint-preview/step-04-testing.md","28a56e868968ea2d18add0df8c4bccced0f94b698e218df3d45ddac072ce369c"
"md","step-04-ux-alignment","ma","ma/3-solutioning/maia-check-implementation-readiness/steps/step-04-ux-alignment.md","f71e5f0d77615e885ae40fdee6b04c1dd6e472c871f87b515fe869cb5f6966fb"
"md","step-05-domain","ma","ma/2-plan-workflows/maia-create-prd/steps-c/step-05-domain.md","983617d33fe6b7e911f34cf6a2adb86be595952ab9a7c7308e7f6b3858b39a12"
"md","step-05-epic-quality-review","ma","ma/3-solutioning/maia-check-implementation-readiness/steps/step-05-epic-quality-review.md","d8a84e57f4e3a321734b5b5d093458ceb1e338744f18954c5a204f5ce3576185"
"md","step-05-inspiration","ma","ma/2-plan-workflows/maia-create-ux-design/steps/step-05-inspiration.md","b0cadcd4665c46d2e6e89bdb45ddfdd4e4aac47b901e59aa156b935878a2b124"
"md","step-05-patterns","ma","ma/3-solutioning/maia-create-architecture/steps/step-05-patterns.md","3c80aba507aa46893ef43f07c5c321b985632ef57abc82d5ee93c3d9c2911134"
"md","step-05-present","ma","ma/4-implementation/maia-quick-dev/step-05-present.md","ea49ce8703d4946ec54a59ff428d52ad64ab2649f49c43230bec1f3d09e85b55"
"md","step-05-wrapup","ma","ma/4-implementation/maia-checkpoint-preview/step-05-wrapup.md","c2d4dbc17fed4f8ecbfcb09a2f9c77f0d4562bd27397270e2c27ba37cf4fe073"
"md","step-06-design-system","ma","ma/2-plan-workflows/maia-create-ux-design/steps/step-06-design-system.md","1c71e452916c5b9ed000af4dd1b83954ae16887463c73776251e1e734e7d7641"
"md","step-06-final-assessment","ma","ma/3-solutioning/maia-check-implementation-readiness/steps/step-06-final-assessment.md","1b9c8c2a21950f85e052e05309bfcb3bfe38157ba6fca402ccf37444e7f1cee3"
"md","step-06-innovation","ma","ma/2-plan-workflows/maia-create-prd/steps-c/step-06-innovation.md","a0b3863e11f1dc91c73871967c26c3a2746a11c29a1cd23ee000df5b6b22f1b3"
"md","step-06-structure","ma","ma/3-solutioning/maia-create-architecture/steps/step-06-structure.md","f8333ca290b62849c1e2eb2f770b46705b09fe0322217b699b13be047efdd03e"
"md","step-07-defining-experience","ma","ma/2-plan-workflows/maia-create-ux-design/steps/step-07-defining-experience.md","17f78d679a187cfb703c2cd30eea84d9dd683f3708d24885421239338eea4edd"
"md","step-07-project-type","ma","ma/2-plan-workflows/maia-create-prd/steps-c/step-07-project-type.md","ba60660354a1aa7dff8a03bfff79ace4589af13e3a2945ae78157a33abd12f17"
"md","step-07-validation","ma","ma/3-solutioning/maia-create-architecture/steps/step-07-validation.md","dde4cd93a3015011da9a8a3237aafa2d15d0935205686231e58bf7064f81cc28"
"md","step-08-complete","ma","ma/3-solutioning/maia-create-architecture/steps/step-08-complete.md","6466e5196be63e9e21b81d6fed45f1ff547d6ac739271201d6180febc857473d"
"md","step-08-scoping","ma","ma/2-plan-workflows/maia-create-prd/steps-c/step-08-scoping.md","868accb05c998543ac01ae068c6316e408cbc4e450bf9cc10b16fe843956faa9"
"md","step-08-visual-foundation","ma","ma/2-plan-workflows/maia-create-ux-design/steps/step-08-visual-foundation.md","985b4da65435114529056f33ff583ec4d1b29feb3550494ae741b6dbb89798a9"
"md","step-09-design-directions","ma","ma/2-plan-workflows/maia-create-ux-design/steps/step-09-design-directions.md","07962c637e69a612a904efccf6188b7f08c9e484d4d7369c74cd0de7da0cb1e3"
"md","step-09-functional","ma","ma/2-plan-workflows/maia-create-prd/steps-c/step-09-functional.md","4880a2f02fdc43964bd753c733c7800b9ccf6b1ccf194b2a8c3f09f1ad85843c"
"md","step-10-nonfunctional","ma","ma/2-plan-workflows/maia-create-prd/steps-c/step-10-nonfunctional.md","afde3cd586227cec7863267518667605e9487025a9c0f3b7f220c66adbbc347c"
"md","step-10-user-journeys","ma","ma/2-plan-workflows/maia-create-ux-design/steps/step-10-user-journeys.md","eabe15745e6b68df06833bca103c704d31094c8f070c84e35f1ee9b0c28d10bd"
"md","step-11-component-strategy","ma","ma/2-plan-workflows/maia-create-ux-design/steps/step-11-component-strategy.md","52a1d0230160124496467ddbe26dd9cc4ae7d9afceaea987aad658e1bb195f59"
"md","step-11-polish","ma","ma/2-plan-workflows/maia-create-prd/steps-c/step-11-polish.md","4271ae5026e30d807f1272b91161d57567badf0bd89e760ea067636d13f12223"
"md","step-12-complete","ma","ma/2-plan-workflows/maia-create-prd/steps-c/step-12-complete.md","bb9471a4b14729785572480b1e0d9e57ab5a4580a04575aea1b1ea1e22971458"
"md","step-12-ux-patterns","ma","ma/2-plan-workflows/maia-create-ux-design/steps/step-12-ux-patterns.md","37215fe8ea33247e9a31b5f8b8fe3b36448d7f743c18803e4d5054c201348be8"
"md","step-13-responsive-accessibility","ma","ma/2-plan-workflows/maia-create-ux-design/steps/step-13-responsive-accessibility.md","cd4d4e2a307b4cbc805c6954860c93c14a11b74b1e206c45ff89f8b81ab03a62"
"md","step-14-complete","ma","ma/2-plan-workflows/maia-create-ux-design/steps/step-14-complete.md","47880f82ada9f2edff8be144328f86fb683fd78aba64ec0ea9dfbff71732be00"
"md","step-e-01-discovery","ma","ma/2-plan-workflows/maia-edit-prd/steps-e/step-e-01-discovery.md","5f733ce1dc3663fbbb1fe661471dc1fcb5a9c02621c1f5599bba5850dfe3b7a3"
"md","step-e-01b-legacy-conversion","ma","ma/2-plan-workflows/maia-edit-prd/steps-e/step-e-01b-legacy-conversion.md","62bf07f0da57c4f87440b5db95928239527542b39be2ff806e85dfca8a0f7e40"
"md","step-e-02-review","ma","ma/2-plan-workflows/maia-edit-prd/steps-e/step-e-02-review.md","e6a2025055840d5625fc2eec71209da1d63d6bf530c305d353b1d4500202d8bd"
"md","step-e-03-edit","ma","ma/2-plan-workflows/maia-edit-prd/steps-e/step-e-03-edit.md","38d70a13738c87da364ca7dc5ef9270f84e3c24d5204cdad969e0269f1d55994"
"md","step-e-04-complete","ma","ma/2-plan-workflows/maia-edit-prd/steps-e/step-e-04-complete.md","9689a795db6e55dd9b946f21b2c4e6a83004693938d9de833334ed76508ddb61"
"md","step-oneshot","ma","ma/4-implementation/maia-quick-dev/step-oneshot.md","d68648848bb8277f5b762c3528c2aa42122268037b97d252a8f4faf4edb2830e"
"md","step-v-01-discovery","ma","ma/2-plan-workflows/maia-validate-prd/steps-v/step-v-01-discovery.md","65c4686abf818f35eeeff7cf7d31646b9693f3b8aaaa04eac7c97e9be0572a57"
"md","step-v-02-format-detection","ma","ma/2-plan-workflows/maia-validate-prd/steps-v/step-v-02-format-detection.md","c27ea549b1414a9a013c6e334daf278bc26e7101879fd5832eb57ed275daeb0d"
"md","step-v-02b-parity-check","ma","ma/2-plan-workflows/maia-validate-prd/steps-v/step-v-02b-parity-check.md","5216fea52f9bbcb76a8ea9b9e80c98c51c529342e448dcf75c449ffa6fbaa45f"
"md","step-v-03-density-validation","ma","ma/2-plan-workflows/maia-validate-prd/steps-v/step-v-03-density-validation.md","1eed2b7eea8745edefbee124e9c9aff1e75a1176b8ba3bad42cfcf9b7c2f2a1c"
"md","step-v-04-brief-coverage-validation","ma","ma/2-plan-workflows/maia-validate-prd/steps-v/step-v-04-brief-coverage-validation.md","7b870fea072193271c9dc80966b0777cbc892a85912a273ba184f2d19fc68c47"
"md","step-v-05-measurability-validation","ma","ma/2-plan-workflows/maia-validate-prd/steps-v/step-v-05-measurability-validation.md","06a8762b225e7d77f9c1b9f5be8783bcced29623f3a3bc8dbf7ea109b531c0ae"
"md","step-v-06-traceability-validation","ma","ma/2-plan-workflows/maia-validate-prd/steps-v/step-v-06-traceability-validation.md","58b89788683540c3122f886ca7a6191866a3abb2851bd505faa3fc9ab46a73c4"
"md","step-v-07-implementation-leakage-validation","ma","ma/2-plan-workflows/maia-validate-prd/steps-v/step-v-07-implementation-leakage-validation.md","aeab46b20c6aafc4b1d369c65ccf02a1fc5f7de60cbffddf7719e2899de6fe28"
"md","step-v-08-domain-compliance-validation","ma","ma/2-plan-workflows/maia-validate-prd/steps-v/step-v-08-domain-compliance-validation.md","1be1de3adc40ded63e3662a75532fa1b13c28596b3b49204fbda310f6fa5f0da"
"md","step-v-09-project-type-validation","ma","ma/2-plan-workflows/maia-validate-prd/steps-v/step-v-09-project-type-validation.md","fffbf78461186456a5ca72b2b9811cb391476c1d1af0301ff71b8f73198c88d1"
"md","step-v-10-smart-validation","ma","ma/2-plan-workflows/maia-validate-prd/steps-v/step-v-10-smart-validation.md","81bf3fbe84054b51cb36b673a3877c65c9b790acd502a9a8a01f76899f5f4f4c"
"md","step-v-11-holistic-quality-validation","ma","ma/2-plan-workflows/maia-validate-prd/steps-v/step-v-11-holistic-quality-validation.md","4be7756dce12a6c7c5de6a551716d9e3b1df1f5d9d87fc28efb95fe6960cd3ce"
"md","step-v-12-completeness-validation","ma","ma/2-plan-workflows/maia-validate-prd/steps-v/step-v-12-completeness-validation.md","20371cf379d396292dd63ad721fe48258853048e10cd9ecb8998791194fe4236"
"md","step-v-13-report-complete","ma","ma/2-plan-workflows/maia-validate-prd/steps-v/step-v-13-report-complete.md","67458c55a321c0d2857371a7588fbd387497570cd1b7c53f5a0cf558e1cdc325"
"md","sync-sprint-status","ma","ma/4-implementation/maia-quick-dev/sync-sprint-status.md","c0f2fdb940984206a4b7aa2467fbcb7c4811f648634e43a488593974e9efff5e"
"md","template","ma","ma/4-implementation/maia-create-story/template.md","29ba697368d77e88e88d0e7ac78caf7a78785a7dcfc291082aa96a62948afb67"
"md","ux-design-template","ma","ma/2-plan-workflows/maia-create-ux-design/ux-design-template.md","ffa4b89376cd9db6faab682710b7ce755990b1197a8b3e16b17748656d1fca6a"
"md","validate-doc","ma","ma/1-analysis/maia-agent-tech-writer/validate-doc.md","3b8d25f60be191716266726393f2d44b77262301b785a801631083b610d6acc5"
"md","write-document","ma","ma/1-analysis/maia-agent-tech-writer/write-document.md","c0ddfd981f765b82cba0921dad331cd1fa32bacdeea1f02320edfd60a0ae7e6f"
"toml","customize","ma","ma/1-analysis/maia-agent-analyst/customize.toml","7191f4a60ada7dbabe083699b2461f35778af7688924dc6ce05911cf1ffc9054"
"toml","customize","ma","ma/1-analysis/maia-agent-tech-writer/customize.toml","bb828f2d26a136870099226f07c61297ce88ddd335823b7549592932bbe14a2e"
"toml","customize","ma","ma/1-analysis/maia-document-project/customize.toml","3bbb5044fafdd865a5fe0863df116a479f30de7fb95c9cf4213f0b87ba1ba924"
"toml","customize","ma","ma/2-plan-workflows/maia-agent-pm/customize.toml","c7c30e182fbff5e1cc4d329a99b0bf1188463d25d61b843847818c5bef0d4753"
"toml","customize","ma","ma/2-plan-workflows/maia-agent-ux-designer/customize.toml","0d36c8ce31fe332770b2755a7e952dc102f184fb3275448bf6ac2ebc783ed03b"
"toml","customize","ma","ma/2-plan-workflows/maia-create-prd/customize.toml","0c990af4c0a755402abbef893850bd542744a8b6f36c0587c9f3fb6dab6bf5e7"
"toml","customize","ma","ma/2-plan-workflows/maia-create-ux-design/customize.toml","e51d02120e5e79788b183f1fb377f823f7626bac7702a6aa4dc6ddd0a3b00000"
"toml","customize","ma","ma/2-plan-workflows/maia-edit-prd/customize.toml","35cc2dfb3eda73a0ae4dc987cac58867b25c43ce5c5a1bf552e215826ede6c22"
"toml","customize","ma","ma/2-plan-workflows/maia-validate-prd/customize.toml","bfb3c8af5b81b2cdb9bb84f844f1b0dafc40d8c283effa6ad48db966b9446cef"
"toml","customize","ma","ma/3-solutioning/maia-agent-architect/customize.toml","32e8074896a569ce59e4db62ab3b4af396798b8fa50c67449a5d90c2a7a7e074"
"toml","customize","ma","ma/3-solutioning/maia-check-implementation-readiness/customize.toml","571d81087b7a6d914cf7c2f21aa26354eac385bb2f5cfeabc591892cbb98d036"
"toml","customize","ma","ma/3-solutioning/maia-create-architecture/customize.toml","618be49b0286f18dfb4b6bac3d96bf1cf062994fa5278cd327be9898e651b43c"
"toml","customize","ma","ma/3-solutioning/maia-create-epics-and-stories/customize.toml","da9e43605bc6aec83173050b5d37ede6aebfa9a17c5959a5029681d73e744ba3"
"toml","customize","ma","ma/3-solutioning/maia-generate-project-context/customize.toml","00b6e893b93a1be7c04408f1824dad72c2c43ee02ba29210725e34394bf8225e"
"toml","customize","ma","ma/4-implementation/maia-agent-dev/customize.toml","01a45ac2420f920cfc934de7b1a884b04017c85641085c93d9aada45d2dccf17"
"toml","customize","ma","ma/4-implementation/maia-checkpoint-preview/customize.toml","1a1e0c3a8914adda3cec925eed51287e067c7f84120de64a8df53348e7b77de5"
"toml","customize","ma","ma/4-implementation/maia-code-review/customize.toml","94ad662fdf3fda372c6e24b2cbda629d0b2aa851097d02afb5905c768b1a1cde"
"toml","customize","ma","ma/4-implementation/maia-correct-course/customize.toml","78095d25afb5b2d4844956f61e9ac640a62d0245174fab9406e9c289f33fd84b"
"toml","customize","ma","ma/4-implementation/maia-create-story/customize.toml","1204f6de064436922f2813069778eb4eaa5f1f945aa8ea5a5ffb87897a2ba8fe"
"toml","customize","ma","ma/4-implementation/maia-dev-story/customize.toml","592fa7948c4614609a59b152518f518d35e0178d6aa7c22e169d78157fd9f5aa"
"toml","customize","ma","ma/4-implementation/maia-qa-generate-e2e-tests/customize.toml","04a99926b2d79318b927434c7344dc666f143026ed99c7fcc0d6e3d68263ae66"
"toml","customize","ma","ma/4-implementation/maia-quick-dev/customize.toml","5ba463713de51762eb381be787cbd657932333b808be370d851fc3e40f139e2f"
"toml","customize","ma","ma/4-implementation/maia-retrospective/customize.toml","0b032c342129732820ca2db386d2d5e26d033d8ac296388fc9f2e78765fab9fb"
"toml","customize","ma","ma/4-implementation/maia-sprint-planning/customize.toml","f7bde2f792e8604f26122ee792c5493e270710296044b07680db7d90e886caf3"
"toml","customize","ma","ma/4-implementation/maia-sprint-status/customize.toml","96261fd227befaa4685b0a5091d3e85299d4ae8e4404176b42f5ef2e2fb501bd"
"yaml","config","ma","ma/config.yaml","aa7ede42c0c8f4fe3e266113813ae83a8cbc73e5f5b45af3b0f55ff0864854a3"
"yaml","sprint-status-template","ma","ma/4-implementation/maia-sprint-planning/sprint-status-template.yaml","deeec135d875b107618dd41278349689b5f3dcb5894d7509909417a570f46fd9"
"toml","config","config.toml","config.toml","f9163ecbb345a145fe3c8358109ee9b02659e822473fff0546c9e569fa9f1731"
"toml","config.user","config.user.toml","config.user.toml","21a2c911e293d3581cef5c84649c8aad93f9e612afd7860327790912201f4920"
"csv","brain-methods","core","core/maia-brainstorming/brain-methods.csv","0ab5878b1dbc9e3fa98cb72abfc3920a586b9e2b42609211bb0516eefd542039"
"csv","methods","core","core/maia-advanced-elicitation/methods.csv","e08b2e22fec700274982e37be608d6c3d1d4d0c04fa0bae05aa9dba2454e6141"
"csv","module-help","core","core/module-help.csv","d35985e6a4a5dc726d3f1f5d0d0fb94d9bd273688e3f6eebb1a1a9f21db846f0"
"md","SKILL","core","core/maia-advanced-elicitation/SKILL.md","705cc827cab892855d07dcc926f5c9f749c3abab33e915d6ac1574aec174896b"
"md","SKILL","core","core/maia-brainstorming/SKILL.md","f4a2c22b40ed34cdbd3282dd6161a3b869902f3bc75b58e181fc9faf78eedd9d"
"md","SKILL","core","core/maia-customize/SKILL.md","7617ef46b179e2b9aec7e7176933fd65dcba8fd0ca188ea8beb8cee1dedf449c"
"md","SKILL","core","core/maia-help/SKILL.md","cd7096b2ff55b2b87e12d6b9c4c9ea13dfca78c49299a09327c97107f9531da8"
"md","SKILL","core","core/maia-party-mode/SKILL.md","bd13fd6cb0b0c61d215e4c394cf4b7cac3a465394c3918f4dc14910513ddb898"
"md","SKILL","core","core/maia-review-adversarial-general/SKILL.md","7bffc39e6dba4d9123648c5d4d79e17c3c5b1efbd927c3fe0026c2dbb8d99cff"
"md","SKILL","core","core/maia-review-edge-case-hunter/SKILL.md","f49ed9976f46b4cefa1fc8b4f0a495f16089905e6a7bbf4ce73b8f05c9ae3ee6"
"md","step-01-session-setup","core","core/maia-brainstorming/steps/step-01-session-setup.md","7fd2aed9527ccdf35fc86bd4c9b27b4a530b5cfdfb90ae2b7385d3185bcd60bc"
"md","step-01b-continue","core","core/maia-brainstorming/steps/step-01b-continue.md","49f8d78290291f974432bc8e8fce340de58ed62aa946e9e3182858bf63829920"
"md","step-02a-user-selected","core","core/maia-brainstorming/steps/step-02a-user-selected.md","7ff3bca27286d17902ecea890494599796633e24a25ea6b31bbd6c3d2e54eba2"
"md","step-02b-ai-recommended","core","core/maia-brainstorming/steps/step-02b-ai-recommended.md","cb77b810e0c98e080b4378999f0e250bacba4fb74c1bcb0a144cffe9989d2cbd"
"md","step-02c-random-selection","core","core/maia-brainstorming/steps/step-02c-random-selection.md","91c6e16213911a231a41b1a55be7c939e7bbcd1463bd49cb03b5b669a90c0868"
"md","step-02d-progressive-flow","core","core/maia-brainstorming/steps/step-02d-progressive-flow.md","6b6fbbd34bcf334d79f09e8c36ed3c9d55ddd3ebb8f8f77aa892643d1a4e3436"
"md","step-03-technique-execution","core","core/maia-brainstorming/steps/step-03-technique-execution.md","b97afefd4ccc5234e554a3dfc5555337269ce171e730b250c756718235e9df60"
"md","step-04-idea-organization","core","core/maia-brainstorming/steps/step-04-idea-organization.md","acb7eb6a54161213bb916cabf7d0d5084316704e792a880968fc340855cdcbbb"
"md","template","core","core/maia-brainstorming/template.md","5c99d76963eb5fc21db96c5a68f39711dca7c6ed30e4f7d22aedee9e8bb964f9"
"md","workflow","core","core/maia-brainstorming/workflow.md","74c87846a5cda7a4534ea592ea3125a8d8a1a88d19c94f5f4481fb28d0d16bf2"
"py","list_customizable_skills","core","core/maia-customize/scripts/list_customizable_skills.py","8787f542930b927789e7fdf12bc5a67ff08e19865903a5ad05ff2cc8fc426b66"
"py","test_list_customizable_skills","core","core/maia-customize/scripts/tests/test_list_customizable_skills.py","b55fc2e454f245753874f359c18ade9f3ad04debd66176c6e6bf3e403ca9c812"
"yaml","config","core","core/config.yaml","39ea0de85232e8e49409b27b33f83d1423fd88233c47e4824a02d3570abd89e6"
"file",".gitignore","custom","custom/.gitignore","973b03a33f142c22cf9b65be285bebadd85790b6b55be04637d2f8c716f58fab"
"py","resolve_config","scripts","scripts/resolve_config.py","8e326149d9170477ecc21aa2aa2389d8fbaa5d1cd95db2de2ad33029ce8ae528"
"py","resolve_customization","scripts","scripts/resolve_customization.py","6dbf36a2fea13392426fdbaf4f074b6d9b93488a964d2d1bff2a5c1c3a1d506e"
